año,alcaldia,poblacion,tasa_crecimiento
1990,Azcapotzalco,474688,
1991,Azcapotzalco,469723,-1.045950182014288
1992,Azcapotzalco,465388,-0.9228843382163565
1993,Azcapotzalco,461579,-0.8184568575038464
1994,Azcapotzalco,458195,-0.7331356062559191
1995,Azcapotzalco,455131,-0.66871092002313
1996,Azcapotzalco,452284,-0.625534186860488
1997,Azcapotzalco,449551,-0.6042663459242426
1998,Azcapotzalco,446830,-0.6052705922131141
1999,Azcapotzalco,444016,-0.6297697110758005
2000,Azcapotzalco,441008,-0.6774530647544186
2001,Azcapotzalco,437747,-0.7394423683924067
2002,Azcapotzalco,434368,-0.7719070604709999
2003,Azcapotzalco,431047,-0.7645590835420712
2004,Azcapotzalco,427964,-0.7152352295689335
2005,Azcapotzalco,425297,-0.6231832584049135
2006,Azcapotzalco,423148,-0.5052939475237328
2007,Azcapotzalco,421304,-0.4357813341903993
2008,Azcapotzalco,419476,-0.43389096709264274
2009,Azcapotzalco,417375,-0.5008629814339804
2010,Azcapotzalco,414711,-0.6382749326145576
2011,Azcapotzalco,411332,-0.8147842714565035
2012,Azcapotzalco,407645,-0.8963562280590809
2013,Azcapotzalco,404192,-0.8470605551398891
2014,Azcapotzalco,401516,-0.662061594489749
2015,Azcapotzalco,400161,-0.3374709849669699
2016,Azcapotzalco,400669,0.12694890306652606
2017,Azcapotzalco,403584,0.7275332007217861
2018,Azcapotzalco,409450,1.4534768474468773
2019,Azcapotzalco,418809,2.285749175723528
2020,Azcapotzalco,432205,3.1985941085315828
2021,Azcapotzalco,450180,4.158906074663649
2022,Azcapotzalco,473279,5.131058687636059
2023,Azcapotzalco,502045,6.078021632060571
2024,Azcapotzalco,537020,6.966506986425514
1990,Benito Juárez,407811,
1991,Benito Juárez,395835,-2.9366544796486593
1992,Benito Juárez,386418,-2.3790215620144717
1993,Benito Juárez,379202,-1.8674078329684485
1994,Benito Juárez,373834,-1.4156043480783365
1995,Benito Juárez,369956,-1.0373588277149737
1996,Benito Juárez,367213,-0.7414395225378123
1997,Benito Juárez,365249,-0.5348394528516098
1998,Benito Juárez,363709,-0.4216301755788465
1999,Benito Juárez,362237,-0.4047191573483211
2000,Benito Juárez,360478,-0.4855936859017751
2001,Benito Juárez,358235,-0.622229373221117
2002,Benito Juárez,355959,-0.6353371390288465
2003,Benito Juárez,354258,-0.47786402366564174
2004,Benito Juárez,353740,-0.14622111568405316
2005,Benito Juárez,355017,0.36099960422908417
2006,Benito Juárez,358502,0.9816431325823771
2007,Benito Juárez,363838,1.4884156852681407
2008,Benito Juárez,370474,1.823888653741501
2009,Benito Juárez,377858,1.9931223243736307
2010,Benito Juárez,385439,2.006309248447824
2011,Benito Juárez,392748,1.8962793074909445
2012,Benito Juárez,399651,1.7576155702893503
2013,Benito Juárez,406097,1.6129072615857387
2014,Benito Juárez,412036,1.4624584766693705
2015,Benito Juárez,417416,1.305711151452793
2016,Benito Juárez,422186,1.1427448875941604
2017,Benito Juárez,426296,0.973504569076189
2018,Benito Juárez,429694,0.7970987295212728
2019,Benito Juárez,432330,0.613459810935213
2020,Benito Juárez,434153,0.4216686327573882
2021,Benito Juárez,435111,0.22065953707564034
2022,Benito Juárez,435154,0.009882535720762142
2023,Benito Juárez,434231,-0.21210881664881498
2024,Benito Juárez,432291,-0.4467668130557212
1990,CDMX,8239395,
1991,CDMX,8307271,0.823798349271998
1992,CDMX,8364956,0.6943916961418495
1993,CDMX,8413664,0.5822863862045446
1994,CDMX,8454610,0.4866607461386563
1995,CDMX,8489007,0.4068431305524367
1996,CDMX,8518068,0.34233685989422113
1997,CDMX,8543008,0.29278939778363267
1998,CDMX,8565040,0.2578951114174277
1999,CDMX,8585379,0.2374653241549396
2000,CDMX,8605239,0.23132350942223212
2001,CDMX,8625681,0.23755296046978902
2002,CDMX,8647163,0.2490470027815883
2003,CDMX,8669992,0.2640056628977705
2004,CDMX,8694474,0.28237626978202535
2005,CDMX,8720916,0.3041242057886473
2006,CDMX,8749285,0.32529839755364165
2007,CDMX,8778203,0.3305184366493963
2008,CDMX,8805953,0.3161239265029536
2009,CDMX,8830817,0.2823544481784124
2010,CDMX,8851080,0.22945781800256526
2011,CDMX,8865810,0.16642036903971036
2012,CDMX,8877227,0.12877559974779906
2013,CDMX,8888336,0.1251404295508074
2014,CDMX,8902143,0.15533841204922183
2015,CDMX,8921653,0.2191607122015382
2016,CDMX,8949871,0.31628667916137054
2017,CDMX,8989804,0.44618520199899425
2018,CDMX,9044457,0.6079442888854869
2019,CDMX,9116835,0.8002470463400968
2020,CDMX,9209944,1.0212864442539438
2021,CDMX,9326789,1.268683066911147
2022,CDMX,9470376,1.5395116154123256
2023,CDMX,9643711,1.8302863582185136
2024,CDMX,9849799,2.137019659755457
1990,Coyoacán,640066,
1991,Coyoacán,646401,0.9897416828889449
1992,Coyoacán,650656,0.6582601202659077
1993,Coyoacán,653085,0.3733155461564941
1994,Coyoacán,653944,0.13152958650100022
1995,Coyoacán,653489,-0.06957782317752459
1996,Coyoacán,651973,-0.2319855422202921
1997,Coyoacán,649653,-0.35584295668685817
1998,Coyoacán,646785,-0.4414664443941563
1999,Coyoacán,643623,-0.48887961223590404
2000,Coyoacán,640423,-0.4971854641614759
2001,Coyoacán,637402,-0.4717194729108698
2002,Coyoacán,634627,-0.43536104373691487
2003,Coyoacán,632126,-0.39408975666020973
2004,Coyoacán,629929,-0.3475572907932878
2005,Coyoacán,628063,-0.2962238601493139
2006,Coyoacán,626522,-0.24535755171057883
2007,Coyoacán,625165,-0.2165925538129554
2008,Coyoacán,623813,-0.2162629065926569
2009,Coyoacán,622289,-0.24430398212285098
2010,Coyoacán,620416,-0.30098555494312285
2011,Coyoacán,618087,-0.37539328450587606
2012,Coyoacán,615480,-0.42178528265438553
2013,Coyoacán,612844,-0.42828361603951537
2014,Coyoacán,610428,-0.3942275685166252
2015,Coyoacán,608479,-0.3192841743825614
2016,Coyoacán,607246,-0.20263640980214825
2017,Coyoacán,606977,-0.04429835684385264
2018,Coyoacán,607922,0.15568958955611834
2019,Coyoacán,610329,0.39593895269458557
2020,Coyoacán,614447,0.6747180618977611
2021,Coyoacán,620523,0.988856646708336
2022,Coyoacán,628806,1.3348417383400868
2023,Coyoacán,639545,1.7078399379140796
2024,Coyoacán,652989,2.1021194755646677
1990,Cuajimalpa de Morelos,114385,
1991,Cuajimalpa de Morelos,120844,5.6467194125103815
1992,Cuajimalpa de Morelos,126104,4.352719208235412
1993,Cuajimalpa de Morelos,130383,3.3932309839497465
1994,Cuajimalpa de Morelos,133900,2.6974375493737712
1995,Cuajimalpa de Morelos,136873,2.2203136669156187
1996,Cuajimalpa de Morelos,139520,1.9339095365777048
1997,Cuajimalpa de Morelos,142060,1.8205275229357776
1998,Cuajimalpa de Morelos,144711,1.8661129100380203
1999,Cuajimalpa de Morelos,147692,2.059967797886819
2000,Cuajimalpa de Morelos,151222,2.390109146060726
2001,Cuajimalpa de Morelos,155428,2.78134133922312
2002,Cuajimalpa de Morelos,160087,2.9975294026816313
2003,Cuajimalpa de Morelos,164882,2.995246334805457
2004,Cuajimalpa de Morelos,169499,2.8001843742797794
2005,Cuajimalpa de Morelos,173624,2.433642676357972
2006,Cuajimalpa de Morelos,177027,1.9599824908998809
2007,Cuajimalpa de Morelos,179813,1.5737712326368225
2008,Cuajimalpa de Morelos,182175,1.3135868930500116
2009,Cuajimalpa de Morelos,184304,1.168656511595989
2010,Cuajimalpa de Morelos,186390,1.1318256793124482
2011,Cuajimalpa de Morelos,188598,1.1846129084178258
2012,Cuajimalpa de Morelos,190969,1.2571713379781357
2013,Cuajimalpa de Morelos,193521,1.3363425477433521
2014,Cuajimalpa de Morelos,196267,1.4189674505609151
2015,Cuajimalpa de Morelos,199224,1.5066210825049442
2016,Cuajimalpa de Morelos,202405,1.596695177287888
2017,Cuajimalpa de Morelos,205827,1.690669696894842
2018,Cuajimalpa de Morelos,209504,1.7864517288791015
2019,Cuajimalpa de Morelos,213452,1.8844508935390358
2020,Cuajimalpa de Morelos,217686,1.9835841313269542
2021,Cuajimalpa de Morelos,222220,2.0828165339066285
2022,Cuajimalpa de Morelos,227070,2.182521825218253
2023,Cuajimalpa de Morelos,232251,2.2816752543268537
2024,Cuajimalpa de Morelos,237779,2.38018350835949
1990,Cuauhtémoc,595960,
1991,Cuauhtémoc,582513,-2.2563594872139103
1992,Cuauhtémoc,570202,-2.113429228188901
1993,Cuauhtémoc,559056,-1.9547458619927682
1994,Cuauhtémoc,549106,-1.7797859248447345
1995,Cuauhtémoc,540382,-1.5887642823061432
1996,Cuauhtémoc,532913,-1.3821703905755545
1997,Cuauhtémoc,526730,-1.1602269038285762
1998,Cuauhtémoc,521864,-0.9238129592011091
1999,Cuauhtémoc,518344,-0.6745052350804026
2000,Cuauhtémoc,516201,-0.4134320065439123
2001,Cuauhtémoc,515417,-0.15187882239670047
2002,Cuauhtémoc,515790,0.07236858698878024
2003,Cuauhtémoc,517069,0.24796913472537874
2004,Cuauhtémoc,519005,0.37441811441025763
2005,Cuauhtémoc,521348,0.45144073756515635
2006,Cuauhtémoc,523857,0.4812524455833689
2007,Cuauhtémoc,526342,0.4743660960911056
2008,Cuauhtémoc,528620,0.43279844663735023
2009,Cuauhtémoc,530510,0.3575347130263751
2010,Cuauhtémoc,531831,0.24900567378560723
2011,Cuauhtémoc,532472,0.120527009519944
2012,Cuauhtémoc,532614,0.026668068931323674
2013,Cuauhtémoc,532508,-0.019901842610225984
2014,Cuauhtémoc,532404,-0.019530223020125526
2015,Cuauhtémoc,532553,0.027986266068613652
2016,Cuauhtémoc,533206,0.12261690385746427
2017,Cuauhtémoc,534615,0.26425058982832983
2018,Cuauhtémoc,537030,0.45172694368844635
2019,Cuauhtémoc,540702,0.6837606837606813
2020,Cuauhtémoc,545884,0.9583837307796106
2021,Cuauhtémoc,552824,1.2713323709799162
2022,Cuauhtémoc,561775,1.6191409924315892
2023,Cuauhtémoc,572988,1.9959948377909376
2024,Cuauhtémoc,586713,2.3953381222643344
1990,Gustavo A. Madero,1278888,
1991,Gustavo A. Madero,1272114,-0.5296789085518006
1992,Gustavo A. Madero,1266925,-0.40790369416577876
1993,Gustavo A. Madero,1262924,-0.3158040136551077
1994,Gustavo A. Madero,1259718,-0.2538553388802489
1995,Gustavo A. Madero,1256913,-0.22266888303572596
1996,Gustavo A. Madero,1254113,-0.22276800383160822
1997,Gustavo A. Madero,1250924,-0.25428330620924644
1998,Gustavo A. Madero,1246952,-0.31752528530909485
1999,Gustavo A. Madero,1241803,-0.4129268809064057
2000,Gustavo A. Madero,1235083,-0.5411486362973839
2001,Gustavo A. Madero,1226628,-0.6845693771187822
2002,Gustavo A. Madero,1217207,-0.768040514320556
2003,Gustavo A. Madero,1207822,-0.7710274423331498
2004,Gustavo A. Madero,1199473,-0.691244239631339
2005,Gustavo A. Madero,1193161,-0.5262311031594691
2006,Gustavo A. Madero,1189554,-0.302306226904836
2007,Gustavo A. Madero,1187999,-0.13072126191833178
2008,Gustavo A. Madero,1187507,-0.04141417627455679
2009,Gustavo A. Madero,1187094,-0.03477874235688905
2010,Gustavo A. Madero,1185771,-0.11144863001582017
2011,Gustavo A. Madero,1182822,-0.24869894777321822
2012,Gustavo A. Madero,1178597,-0.3571966027009932
2013,Gustavo A. Madero,1173717,-0.4140516223951063
2014,Gustavo A. Madero,1168804,-0.4185847184628
2015,Gustavo A. Madero,1164476,-0.3702930517007097
2016,Gustavo A. Madero,1161356,-0.26793167055396694
2017,Gustavo A. Madero,1160063,-0.11133537003296112
2018,Gustavo A. Madero,1161217,0.09947735597117813
2019,Gustavo A. Madero,1165440,0.3636701839535572
2020,Gustavo A. Madero,1173351,0.67879942339375
2021,Gustavo A. Madero,1185570,1.0413763656399455
2022,Gustavo A. Madero,1202720,1.4465615695403944
2023,Gustavo A. Madero,1225419,1.8873054410003975
2024,Gustavo A. Madero,1254288,2.355847265302735
1990,Iztacalco,448322,
1991,Iztacalco,438708,-2.1444408260134495
1992,Iztacalco,431303,-1.687910865541542
1993,Iztacalco,425770,-1.282856831508239
1994,Iztacalco,421775,-0.938300021138172
1995,Iztacalco,418981,-0.6624385039416758
1996,Iztacalco,417054,-0.4599253904114975
1997,Iztacalco,415656,-0.33520839028039484
1998,Iztacalco,414453,-0.28942202205669565
1999,Iztacalco,413109,-0.3242828499250838
2000,Iztacalco,411288,-0.4408037588142566
2001,Iztacalco,408748,-0.6175721149170421
2002,Iztacalco,405624,-0.7642850851869665
2003,Iztacalco,402143,-0.8581839338895114
2004,Iztacalco,398534,-0.8974419547275514
2005,Iztacalco,395024,-0.8807278676348784
2006,Iztacalco,391821,-0.8108368099153496
2007,Iztacalco,389048,-0.707721127759875
2008,Iztacalco,386806,-0.5762785054800434
2009,Iztacalco,385198,-0.41571226919954185
2010,Iztacalco,384326,-0.2263770839931678
2011,Iztacalco,384258,-0.01769331244828587
2012,Iztacalco,384927,0.17410177536967275
2013,Iztacalco,386232,0.33902532168437194
2014,Iztacalco,388073,0.47665651732637926
2015,Iztacalco,390348,0.5862299103519097
2016,Iztacalco,392955,0.6678655968520353
2017,Iztacalco,395795,0.7227290656691032
2018,Iztacalco,398765,0.7503884586717913
2019,Iztacalco,401765,0.7523227966346191
2020,Iztacalco,404695,0.7292820429853242
2021,Iztacalco,407452,0.6812537837136645
2022,Iztacalco,409935,0.6093969350990935
2023,Iztacalco,412045,0.5147157476185216
2024,Iztacalco,413679,0.39655862830516586
1990,Iztapalapa,1490499,
1991,Iztapalapa,1550307,4.012615909168682
1992,Iztapalapa,1599510,3.173758487834988
1993,Iztapalapa,1639420,2.4951391363605024
1994,Iztapalapa,1671349,1.9475790218491884
1995,Iztapalapa,1696609,1.5113540020665894
1996,Iztapalapa,1716511,1.1730457636379477
1997,Iztapalapa,1732368,0.9237925070098685
1998,Iztapalapa,1745491,0.757518033119986
1999,Iztapalapa,1757193,0.670413081476795
2000,Iztapalapa,1768785,0.6596884918162127
2001,Iztapalapa,1781177,0.7005939105091841
2002,Iztapalapa,1793678,0.7018392894136749
2003,Iztapalapa,1805193,0.6419769880658732
2004,Iztapalapa,1814627,0.5226034003012359
2005,Iztapalapa,1820887,0.3449744768484031
2006,Iztapalapa,1823275,0.13114487609608982
2007,Iztapalapa,1822676,-0.03285297061605963
2008,Iztapalapa,1820374,-0.12629781705579823
2009,Iztapalapa,1817649,-0.1496945133252825
2010,Iztapalapa,1815785,-0.10255005229282688
2011,Iztapalapa,1815773,-0.0006608711934474876
2012,Iztapalapa,1817440,0.09180663001377987
2013,Iztapalapa,1820320,0.15846465357864936
2014,Iztapalapa,1823951,0.19947042278281035
2015,Iztapalapa,1827868,0.21475357616513868
2016,Iztapalapa,1831605,0.2044458352572498
2017,Iztapalapa,1834700,0.1689774814984668
2018,Iztapalapa,1836688,0.10835558946966639
2019,Iztapalapa,1837105,0.022703910517196668
2020,Iztapalapa,1835486,-0.08812778801429166
2021,Iztapalapa,1831366,-0.22446371151836342
2022,Iztapalapa,1824283,-0.386760483704518
2023,Iztapalapa,1813771,-0.5762263859280581
2024,Iztapalapa,1799367,-0.7941465598468644
1990,La Magdalena Contreras,195041,
1991,La Magdalena Contreras,199032,2.0462364323398763
1992,La Magdalena Contreras,202700,1.8429197315004586
1993,La Magdalena Contreras,206059,1.6571287617168196
1994,La Magdalena Contreras,209120,1.4854968722550321
1995,La Magdalena Contreras,211898,1.3284238714613705
1996,La Magdalena Contreras,214404,1.1826444798912705
1997,La Magdalena Contreras,216652,1.0484879013451298
1998,La Magdalena Contreras,218655,0.9245241216328415
1999,La Magdalena Contreras,220426,0.8099517504744913
2000,La Magdalena Contreras,221979,0.7045448359086492
2001,La Magdalena Contreras,223341,0.613571554065917
2002,La Magdalena Contreras,224607,0.5668462127419449
2003,La Magdalena Contreras,225886,0.5694390646774128
2004,La Magdalena Contreras,227290,0.6215524645174941
2005,La Magdalena Contreras,228927,0.7202252628800254
2006,La Magdalena Contreras,230864,0.846121252626375
2007,La Magdalena Contreras,232996,0.9234874211657029
2008,La Magdalena Contreras,235176,0.9356383800580348
2009,La Magdalena Contreras,237255,0.8840187774262764
2010,La Magdalena Contreras,239086,0.7717434827506198
2011,La Magdalena Contreras,240556,0.614841521460896
2012,La Magdalena Contreras,241700,0.47556494121949733
2013,La Magdalena Contreras,242589,0.36781133636740737
2014,La Magdalena Contreras,243294,0.290614990786886
2015,La Magdalena Contreras,243886,0.24332700354303682
2016,La Magdalena Contreras,244434,0.22469514445273564
2017,La Magdalena Contreras,245012,0.23646464894409025
2018,La Magdalena Contreras,245688,0.275904853639819
2019,La Magdalena Contreras,246534,0.34433916186382696
2020,La Magdalena Contreras,247622,0.4413184388360136
2021,La Magdalena Contreras,249020,0.5645701916630941
2022,La Magdalena Contreras,250801,0.7152035981045746
2023,La Magdalena Contreras,253036,0.891144772150021
2024,La Magdalena Contreras,255794,1.0899634834568905
1990,Miguel Hidalgo,406868,
1991,Miguel Hidalgo,394451,-3.051849739964807
1992,Miguel Hidalgo,384239,-2.588914719445512
1993,Miguel Hidalgo,375990,-2.146840898503277
1994,Miguel Hidalgo,369457,-1.7375462113354057
1995,Miguel Hidalgo,364398,-1.3693068476169135
1996,Miguel Hidalgo,360566,-1.0515974291845698
1997,Miguel Hidalgo,357719,-0.7895919193712131
1998,Miguel Hidalgo,355612,-0.5890098093755181
1999,Miguel Hidalgo,354000,-0.4533030381426939
2000,Miguel Hidalgo,352640,-0.3841807909604533
2001,Miguel Hidalgo,351386,-0.3556034482758652
2002,Miguel Hidalgo,350493,-0.2541364766951437
2003,Miguel Hidalgo,350317,-0.05021498289552451
2004,Miguel Hidalgo,351213,0.2557683469543326
2005,Miguel Hidalgo,353534,0.660852531085121
2006,Miguel Hidalgo,357426,1.1008842148138465
2007,Miguel Hidalgo,362204,1.3367802006569285
2008,Miguel Hidalgo,366971,1.3161091539574343
2009,Miguel Hidalgo,370831,1.0518542337133008
2010,Miguel Hidalgo,372889,0.5549697840795398
2011,Miguel Hidalgo,372565,-0.08688912786378733
2012,Miguel Hidalgo,370551,-0.5405768120999022
2013,Miguel Hidalgo,367853,-0.728104903238691
2014,Miguel Hidalgo,365480,-0.6450946437843386
2015,Miguel Hidalgo,364439,-0.2848309072999933
2016,Miguel Hidalgo,365736,0.3558894629828391
2017,Miguel Hidalgo,370381,1.270041778769393
2018,Miguel Hidalgo,379379,2.429390276499066
2019,Miguel Hidalgo,393740,3.785396661386109
2020,Miguel Hidalgo,414470,5.264895616396603
2021,Miguel Hidalgo,442576,6.781190435978468
2022,Miguel Hidalgo,479066,8.244911608401729
2023,Miguel Hidalgo,524949,9.577594736424633
2024,Miguel Hidalgo,581230,10.721231967295864
1990,Milpa Alta,66524,
1991,Milpa Alta,70433,5.876074800072151
1992,Milpa Alta,74109,5.219144435136935
1993,Milpa Alta,77589,4.695785936930741
1994,Milpa Alta,80907,4.27637938367551
1995,Milpa Alta,84100,3.9465064827518104
1996,Milpa Alta,87203,3.689655172413797
1997,Milpa Alta,90252,3.4964393426831553
1998,Milpa Alta,93284,3.359482338341535
1999,Milpa Alta,96333,3.2685133570601543
2000,Milpa Alta,99437,3.2221564780500866
2001,Milpa Alta,102621,3.202027414342745
2002,Milpa Alta,105876,3.1718654076650976
2003,Milpa Alta,109186,3.1262986890324473
2004,Milpa Alta,112531,3.0635795797996135
2005,Milpa Alta,115895,2.989398476864147
2006,Milpa Alta,119244,2.8896846283273714
2007,Milpa Alta,122490,2.7221495421153374
2008,Milpa Alta,125530,2.4818352518573006
2009,Milpa Alta,128262,2.176372181948527
2010,Milpa Alta,130582,1.8087976173769338
2011,Milpa Alta,132431,1.4159685102081543
2012,Milpa Alta,133928,1.1303999818773613
2013,Milpa Alta,135235,0.9758974971626477
2014,Milpa Alta,136513,0.9450216290161517
2015,Milpa Alta,137927,1.0357987883937714
2016,Milpa Alta,139636,1.2390612425413394
2017,Milpa Alta,141805,1.5533243576155042
2018,Milpa Alta,144594,1.9667853742815877
2019,Milpa Alta,148166,2.470365298698418
2020,Milpa Alta,152685,3.049957480123644
2021,Milpa Alta,158310,3.684055408193343
2022,Milpa Alta,165206,4.356010359421392
2023,Milpa Alta,173534,5.0409791411934135
2024,Milpa Alta,183456,5.717611534339095
1990,Tlalpan,484544,
1991,Tlalpan,502937,3.795940100383044
1992,Tlalpan,518633,3.1208680212432283
1993,Tlalpan,531917,2.5613487764951426
1994,Tlalpan,543076,2.0978836923805755
1995,Tlalpan,552394,1.7157819531704588
1996,Tlalpan,560159,1.4056995550277618
1997,Tlalpan,566656,1.159849257085943
1998,Tlalpan,572170,0.9730771402755911
1999,Tlalpan,576989,0.8422322037156871
2000,Tlalpan,581397,0.76396603748079
2001,Tlalpan,585682,0.7370179068691529
2002,Tlalpan,590141,0.7613346491782247
2003,Tlalpan,595072,0.8355630264631708
2004,Tlalpan,600774,0.9582033770703324
2005,Tlalpan,607544,1.126879658573765
2006,Tlalpan,615543,1.3166124593445128
2007,Tlalpan,624377,1.43515562682055
2008,Tlalpan,633514,1.4633786958840656
2009,Tlalpan,642421,1.4059673503663772
2010,Tlalpan,650567,1.2680158338534975
2011,Tlalpan,657545,1.0726028218461803
2012,Tlalpan,663459,0.8994061242956652
2013,Tlalpan,668538,0.7655333637798245
2014,Tlalpan,673009,0.6687727548770672
2015,Tlalpan,677104,0.608461402447813
2016,Tlalpan,681049,0.5826283702355939
2017,Tlalpan,685075,0.5911468925143382
2018,Tlalpan,689411,0.6329234025471697
2019,Tlalpan,694286,0.7071253577328962
2020,Tlalpan,699928,0.8126334104389343
2021,Tlalpan,706566,0.9483832622783961
2022,Tlalpan,714431,1.1131302666700593
2023,Tlalpan,723750,1.3043946861208466
2024,Tlalpan,734753,1.5202763385146811
1990,Tláhuac,209013,
1991,Tláhuac,217437,4.030371316616677
1992,Tláhuac,226685,4.2531859803069505
1993,Tláhuac,236576,4.363323554712495
1994,Tláhuac,246931,4.377028946300565
1995,Tláhuac,257572,4.309300978815944
1996,Tláhuac,268318,4.172037333250511
1997,Tláhuac,278992,3.9781155196445983
1998,Tláhuac,289414,3.735590984687742
1999,Tláhuac,299405,3.452148133815225
2000,Tláhuac,308786,3.1332142081795578
2001,Tláhuac,317408,2.7922250361091416
2002,Tláhuac,325246,2.4693769533219
2003,Tláhuac,332305,2.1703572065451926
2004,Tláhuac,338590,1.8913347677585346
2005,Tláhuac,344106,1.6291089518296387
2006,Tláhuac,348857,1.380679209313418
2007,Tláhuac,352846,1.1434484616906104
2008,Tláhuac,356075,0.9151301134205925
2009,Tláhuac,358547,0.6942357649371678
2010,Tláhuac,360265,0.479156149681903
2011,Tláhuac,361285,0.28312492193247607
2012,Tláhuac,361890,0.16745782415543697
2013,Tláhuac,362418,0.14590068805437895
2014,Tláhuac,363206,0.21742849416972465
2015,Tláhuac,364592,0.3816016255238086
2016,Tláhuac,366914,0.6368762891122204
2017,Tláhuac,370510,0.980066173544758
2018,Tláhuac,375716,1.405090280964072
2019,Tláhuac,382871,1.9043639344611396
2020,Tláhuac,392313,2.4661047715810236
2021,Tláhuac,404378,3.0753505491788458
2022,Tláhuac,419405,3.7160775314186267
2023,Tláhuac,437732,4.369761924631321
2024,Tláhuac,459696,5.0176820520318355
1990,Venustiano Carranza,519628,
1991,Venustiano Carranza,511899,-1.48741022423734
1992,Venustiano Carranza,504639,-1.4182485216810314
1993,Venustiano Carranza,497844,-1.3465071070606904
1994,Venustiano Carranza,491507,-1.2728886960573949
1995,Venustiano Carranza,485623,-1.1971345270769262
1996,Venustiano Carranza,480186,-1.1195927705236364
1997,Venustiano Carranza,475192,-1.040013661372885
1998,Venustiano Carranza,470634,-0.9591912321756269
1999,Venustiano Carranza,466507,-0.8769022212589794
2000,Venustiano Carranza,462806,-0.7933428651660135
2001,Venustiano Carranza,459500,-0.7143381892196765
2002,Venustiano Carranza,456464,-0.6607181719260113
2003,Venustiano Carranza,453545,-0.6394808791054696
2004,Venustiano Carranza,450594,-0.6506520852396114
2005,Venustiano Carranza,447459,-0.6957482789384684
2006,Venustiano Carranza,444046,-0.7627514476186592
2007,Venustiano Carranza,440495,-0.7996919238096978
2008,Venustiano Carranza,437002,-0.792971543377341
2009,Venustiano Carranza,433764,-0.7409577072873819
2010,Venustiano Carranza,430978,-0.6422847446998836
2011,Venustiano Carranza,428812,-0.5025778578024886
2012,Venustiano Carranza,427326,-0.3465388095482358
2013,Venustiano Carranza,426551,-0.18136036655854726
2014,Venustiano Carranza,426519,-0.007502033754458459
2015,Venustiano Carranza,427263,0.17443537099168793
2016,Venustiano Carranza,428812,0.3625401684676621
2017,Venustiano Carranza,431199,0.5566541981101292
2018,Venustiano Carranza,434455,0.7551037919846681
2019,Venustiano Carranza,438613,0.9570611455731903
2020,Venustiano Carranza,443704,1.160704311089722
2021,Venustiano Carranza,449758,1.3644231289328124
2022,Venustiano Carranza,456809,1.567731980309417
2023,Venustiano Carranza,464887,1.7683539509948387
2024,Venustiano Carranza,474024,1.965423855689652
1990,Xochimilco,265131,
1991,Xochimilco,283804,7.042933493254289
1992,Xochimilco,298733,5.260320502882276
1993,Xochimilco,310541,3.952693542394048
1994,Xochimilco,319852,2.99831584235255
1995,Xochimilco,327290,2.3254505208659015
1996,Xochimilco,333478,1.8906779919948713
1997,Xochimilco,339042,1.668475881467435
1998,Xochimilco,344605,1.640799664938264
1999,Xochimilco,350790,1.7948085489183363
2000,Xochimilco,358223,2.118931554491299
2001,Xochimilco,367274,2.5266384347180315
2002,Xochimilco,377309,2.732292511857626
2003,Xochimilco,387443,2.6858622508342034
2004,Xochimilco,396787,2.4117095934111488
2005,Xochimilco,404458,1.9332790640822495
2006,Xochimilco,409793,1.3190491967027373
2007,Xochimilco,413041,0.792595285912645
2008,Xochimilco,414677,0.39608658704584077
2009,Xochimilco,415174,0.11985231879270142
2010,Xochimilco,415007,-0.040224098811580955
2011,Xochimilco,414610,-0.09566103704274909
2012,Xochimilco,414263,-0.08369310918694417
2013,Xochimilco,414208,-0.013276589992350374
2014,Xochimilco,414684,0.11491810877626296
2015,Xochimilco,415933,0.3011931977120019
2016,Xochimilco,418194,0.5435971658896976
2017,Xochimilco,421708,0.8402798701081293
2018,Xochimilco,426716,1.1875515759719901
2019,Xochimilco,433459,1.5802079134600078
2020,Xochimilco,442178,2.011493589935842
2021,Xochimilco,453111,2.4725336855293545
2022,Xochimilco,466502,2.9553464824292552
2023,Xochimilco,482589,3.448431089255788
2024,Xochimilco,501614,3.942278004678923
1990,Álvaro Obregón,640749,
1991,Álvaro Obregón,652470,1.8292654377923379
1992,Álvaro Obregón,661552,1.391941391941387
1993,Álvaro Obregón,668392,1.0339323288267588
1994,Álvaro Obregón,673385,0.7470167207267675
1995,Álvaro Obregón,676930,0.5264447530016314
1996,Álvaro Obregón,679420,0.36783714712007587
1997,Álvaro Obregón,681255,0.27008330634954447
1998,Álvaro Obregón,682829,0.23104417582255898
1999,Álvaro Obregón,684539,0.2504287310585829
2000,Álvaro Obregón,686783,0.3278118558621257
2001,Álvaro Obregón,689849,0.44642922145714525
2002,Álvaro Obregón,693602,0.5440320997783576
2003,Álvaro Obregón,697801,0.6053904112156561
2004,Álvaro Obregón,702203,0.6308388781328667
2005,Álvaro Obregón,706567,0.621472708034565
2006,Álvaro Obregón,710711,0.5864978126632003
2007,Álvaro Obregón,714703,0.5616910389736551
2008,Álvaro Obregón,718668,0.5547758999192576
2009,Álvaro Obregón,722736,0.5660471872964923
2010,Álvaro Obregón,727034,0.5946846428017905
2011,Álvaro Obregón,731636,0.6329827765964247
2012,Álvaro Obregón,736414,0.6530569846207701
2013,Álvaro Obregón,741185,0.6478692691882504
2014,Álvaro Obregón,745768,0.6183341540910936
2015,Álvaro Obregón,749982,0.565055084154853
2016,Álvaro Obregón,753643,0.4881450488145145
2017,Álvaro Obregón,756571,0.3885128635175983
2018,Álvaro Obregón,758584,0.2660688818366008
2019,Álvaro Obregón,759499,0.1206194699598262
2020,Álvaro Obregón,759137,-0.04766299889795711
2021,Álvaro Obregón,757313,-0.24027283612839678
2022,Álvaro Obregón,753848,-0.457538692720183
2023,Álvaro Obregón,748559,-0.7016003226114509
2024,Álvaro Obregón,741264,-0.9745390810877996
